Dataset,Target,Train_F1,Train_MCC,Test_Acc,Test_F1,Test_MCC,Complexity,Formula
CM1,F1,0.35772357723577236,0.24987232148393665,0.7121212121212122,0.3870967741935484,0.31295271590421986,1,x13
CM1,MCC,0.35772357723577236,0.24987232148393665,0.7121212121212122,0.3870967741935484,0.31295271590421986,1,x13
JM1,F1,0.41918728994805987,0.23188300481702243,0.6904145077720207,0.4084158415841584,0.21846788782149149,1,x18
JM1,F1,0.42457487657707077,0.23115530711759527,0.6560880829015544,0.41065482796892344,0.21156993404369676,3,(x19 add x18)
JM1,F1,0.42857142857142855,0.23909857609792068,0.658678756476684,0.40586245772266066,0.20575333488600445,11,log((sqrt((log(9.850) sub (-7.346 mul x17))) add sin(x15)))
JM1,MCC,0.4185891006352391,0.2413717271168161,0.7150259067357513,0.41798941798941797,0.23933956494632008,1,x15
JM1,MCC,0.4332917705735661,0.2534072584346021,0.694300518134715,0.4114713216957606,0.22351812726042275,3,(x15 sub x10)
KC1,F1,0.47058823529411764,0.24871866699481276,0.703862660944206,0.5035971223021583,0.3064329079562678,1,x5
KC1,F1,0.477124183006536,0.2553313845256398,0.6566523605150214,0.5,0.2872898152369563,3,(x5 add x4)
KC1,MCC,0.43400447427293065,0.2559106908123311,0.7467811158798283,0.4485981308411215,0.28906929895522393,1,x6
KC1,MCC,0.43400447427293065,0.2559106908123311,0.7467811158798283,0.4485981308411215,0.28906929895522393,1,x10
KC1,MCC,0.3710144927536232,0.277245728176367,0.7725321888412017,0.3614457831325301,0.2897177444796282,2,log(x16)
KC1,MCC,0.48134328358208955,0.2796776897102355,0.7253218884120172,0.5,0.31405923875115604,21,(((x6 mul cos(-2.417)) mul log((x16 sub x11))) sub (((x0 div x5) add (x6 sub x8)) sub (x7 add x5)))
KC1,MCC,0.4991212653778559,0.29677241763926865,0.6824034334763949,0.5,0.2938008321528281,23,(((x6 mul cos(-2.417)) mul log((x16 sub x11))) sub (((x0 div x5) add (x6 sub x8)) sub ((-6.725 sub x18) mul x12)))
