Dataset,Test_F1
CM1,0.5
JM1,0.4234620886981402
KC1,0.4878048780487805
KC3,0.6666666666666666
MC1,0.25
MC2,0.5333333333333333
MW1,0.3076923076923077
PC1,0.5185185185185185
PC2,0.0
PC3,0.4262295081967213
PC4,0.5652173913043478
PC5,0.5435897435897435
