Dataset,Test_F1
CM1,0.5384615384615384
JM1,0.4136460554371002
KC1,0.5037037037037037
KC3,0.6666666666666666
MC1,0.09615384615384616
MC2,0.6
MW1,0.2727272727272727
PC1,0.25
PC2,0.07407407407407407
PC3,0.3963963963963964
PC4,0.6111111111111112
PC5,0.5344129554655871
