Feature,Importance,Split_Stability,Fit_Type,Split_Point,Slope_Before,Slope_After,Formula
HALSTEAD_DIFFICULTY,0.07768881045139936,0.06718841563515308,Piecewise,5.074805343420661,0.0014599574636089444,0.0048119412461914346,"IF(HALSTEAD_DIFFICULTY <= 5.07, 0.001 * HALSTEAD_DIFFICULTY, 0.005 * HALSTEAD_DIFFICULTY)"
HALSTEAD_CONTENT,0.0772184578770048,0.02486199561633585,Piecewise,18.77221472236979,-0.0017149640081537357,0.0004492642558577655,"IF(HALSTEAD_CONTENT <= 18.77, -0.002 * HALSTEAD_CONTENT, 0.000 * HALSTEAD_CONTENT)"
LOC_EXECUTABLE,0.07423259313616566,0.027905771019898832,Piecewise,8.13577889447237,0.003307490351545063,-4.213120646128926e-05,"IF(LOC_EXECUTABLE <= 8.14, 0.003 * LOC_EXECUTABLE, -0.000 * LOC_EXECUTABLE)"
HALSTEAD_PROG_TIME,0.07280593033987195,0.0012502309829046942,Piecewise,87.33664536409042,-0.00014951799526404397,1.3292399250110222e-05,"IF(HALSTEAD_PROG_TIME <= 87.34, -0.000 * HALSTEAD_PROG_TIME, 0.000 * HALSTEAD_PROG_TIME)"
HALSTEAD_EFFORT,0.07206113143238625,5.864795185417125e-05,Piecewise,1442.6867909317468,-2.8976919122195167e-06,6.264025514064454e-07,"IF(HALSTEAD_EFFORT <= 1442.69, -0.000 * HALSTEAD_EFFORT, 0.000 * HALSTEAD_EFFORT)"
