Feature,Importance,Split_Stability,Fit_Type,Split_Point,Slope_Before,Slope_After,Formula
LOC_TOTAL,0.09700134051100848,0.017715460263696834,Piecewise,19.395979899497505,0.0008677278899169873,0.00041678791229651465,"IF(LOC_TOTAL <= 19.40, 0.001 * LOC_TOTAL, 0.000 * LOC_TOTAL)"
LOC_EXECUTABLE,0.07573169596692465,0.020148367333688848,Piecewise,13.781206030150756,-0.0009246042353458489,0.00013188863084272282,"IF(LOC_EXECUTABLE <= 13.78, -0.001 * LOC_EXECUTABLE, 0.000 * LOC_EXECUTABLE)"
HALSTEAD_VOLUME,0.0729128244758834,0.0008114847298537602,Piecewise,291.1165452522008,-3.40905182284912e-05,3.3146106303862976e-06,"IF(HALSTEAD_VOLUME <= 291.12, -0.000 * HALSTEAD_VOLUME, 0.000 * HALSTEAD_VOLUME)"
HALSTEAD_CONTENT,0.07228426351347213,0.02485622586347473,Piecewise,21.568093208571774,0.00021778228811599994,0.00036565455848406887,"IF(HALSTEAD_CONTENT <= 21.57, 0.000 * HALSTEAD_CONTENT, 0.000 * HALSTEAD_CONTENT)"
HALSTEAD_EFFORT,0.06285627182919325,9.0119498522552e-06,Piecewise,9553.128316582939,-2.2509360386353398e-07,-3.100039141309224e-08,"IF(HALSTEAD_EFFORT <= 9553.13, -0.000 * HALSTEAD_EFFORT, -0.000 * HALSTEAD_EFFORT)"
